x,y
-1.0,0.0
-0.9989994997498749,0.0
-0.9979989994997499,0.0
-0.9969984992496248,0.0
-0.9959979989994997,0.0
-0.9949974987493747,0.0
-0.9939969984992496,0.0
-0.9929964982491246,0.0
-0.9919959979989995,0.0
-0.9909954977488744,0.0
-0.9899949974987494,0.0
-0.9889944972486243,0.0
-0.9879939969984992,0.0
-0.9869934967483742,0.0
-0.9859929964982491,0.0
-0.984992496248124,0.0
-0.983991995997999,0.0
-0.9829914957478739,0.0
-0.9819909954977488,0.0
-0.9809904952476238,0.0
-0.9799899949974987,0.0
-0.9789894947473737,0.0
-0.9779889944972486,0.0
-0.9769884942471235,0.0
-0.9759879939969985,0.0
-0.9749874937468734,0.0
-0.9739869934967483,0.0
-0.9729864932466233,0.0
-0.9719859929964982,0.0
-0.9709854927463731,0.0
-0.9699849924962481,0.0
-0.968984492246123,0.0
-0.967983991995998,0.0
-0.966983491745873,0.0
-0.9659829914957478,0.0
-0.9649824912456229,0.0
-0.9639819909954978,0.0
-0.9629814907453726,0.0
-0.9619809904952477,0.0
-0.9609804902451226,0.0
-0.9599799899949975,0.0
-0.9589794897448725,0.0
-0.9579789894947474,0.0
-0.9569784892446224,0.0
-0.9559779889944973,0.0
-0.9549774887443722,0.0
-0.9539769884942472,0.0
-0.9529764882441221,0.0
-0.951975987993997,0.0
-0.950975487743872,0.0
-0.9499749874937469,0.0
-0.9489744872436218,0.0
-0.9479739869934968,0.0
-0.9469734867433717,0.0
-0.9459729864932467,0.0
-0.9449724862431216,0.0
-0.9439719859929965,0.0
-0.9429714857428715,0.0
-0.9419709854927464,0.0
-0.9409704852426213,0.0
-0.9399699849924963,0.0
-0.9389694847423712,0.0
-0.9379689844922461,0.0
-0.9369684842421211,0.0
-0.935967983991996,0.0
-0.9349674837418709,0.0
-0.9339669834917459,0.0
-0.9329664832416208,0.0
-0.9319659829914958,0.0
-0.9309654827413707,0.0
-0.9299649824912456,0.0
-0.9289644822411206,0.0
-0.9279639819909955,0.0
-0.9269634817408704,0.0
-0.9259629814907454,0.0
-0.9249624812406203,0.0
-0.9239619809904953,0.0
-0.9229614807403702,0.0
-0.9219609804902451,0.0
-0.9209604802401201,0.0
-0.919959979989995,0.0
-0.9189594797398699,0.0
-0.9179589794897449,0.0
-0.9169584792396198,0.0
-0.9159579789894947,0.0
-0.9149574787393697,0.0
-0.9139569784892446,0.0
-0.9129564782391195,0.0
-0.9119559779889945,0.0
-0.9109554777388694,0.0
-0.9099549774887443,0.0
-0.9089544772386193,0.0
-0.9079539769884942,0.0
-0.9069534767383692,0.0
-0.9059529764882441,0.0
-0.904952476238119,0.0
-0.903951975987994,0.0
-0.9029514757378689,0.0
-0.9019509754877438,0.0
-0.9009504752376188,0.0
-0.8999499749874937,0.0
-0.8989494747373687,0.0
-0.8979489744872436,0.0
-0.8969484742371185,0.0
-0.8959479739869936,0.0
-0.8949474737368684,0.0
-0.8939469734867433,0.0
-0.8929464732366184,0.0
-0.8919459729864933,0.0
-0.8909454727363681,0.0
-0.8899449724862432,0.0
-0.888944472236118,0.0
-0.887943971985993,0.0
-0.886943471735868,0.0
-0.8859429714857429,0.0
-0.8849424712356178,1.0
-0.8839419709854928,0.0
-0.8829414707353677,0.0
-0.8819409704852427,0.0
-0.8809404702351176,0.0
-0.8799399699849925,0.0
-0.8789394697348675,0.0
-0.8779389694847424,0.0
-0.8769384692346174,0.0
-0.8759379689844923,0.0
-0.8749374687343672,0.0
-0.8739369684842422,0.0
-0.8729364682341171,0.0
-0.871935967983992,0.0
-0.870935467733867,0.0
-0.8699349674837419,0.0
-0.8689344672336168,0.0
-0.8679339669834918,0.0
-0.8669334667333667,0.0
-0.8659329664832416,0.0
-0.8649324662331166,0.0
-0.8639319659829915,0.0
-0.8629314657328664,0.0
-0.8619309654827414,0.0
-0.8609304652326163,0.0
-0.8599299649824912,0.0
-0.8589294647323662,0.0
-0.8579289644822411,0.0
-0.8569284642321161,0.0
-0.855927963981991,0.0
-0.854927463731866,0.0
-0.8539269634817409,0.0
-0.8529264632316158,0.0
-0.8519259629814908,0.0
-0.8509254627313657,0.0
-0.8499249624812406,0.0
-0.8489244622311156,0.0
-0.8479239619809905,0.0
-0.8469234617308654,0.0
-0.8459229614807404,0.0
-0.8449224612306153,0.0
-0.8439219609804902,0.0
-0.8429214607303652,0.0
-0.8419209604802401,0.0
-0.840920460230115,0.0
-0.83991995997999,0.0
-0.8389194597298649,0.0
-0.8379189594797398,0.0
-0.8369184592296148,0.0
-0.8359179589794897,0.0
-0.8349174587293646,0.0
-0.8339169584792396,0.0
-0.8329164582291145,0.0
-0.8319159579789895,0.0
-0.8309154577288644,0.0
-0.8299149574787394,0.0
-0.8289144572286143,0.0
-0.8279139569784892,0.0
-0.8269134567283642,0.0
-0.8259129564782391,0.0
-0.824912456228114,0.0
-0.823911955977989,0.0
-0.822911455727864,0.0
-0.8219109554777388,0.0
-0.8209104552276139,0.0
-0.8199099549774888,0.0
-0.8189094547273637,0.0
-0.8179089544772387,0.0
-0.8169084542271136,0.0
-0.8159079539769885,0.0
-0.8149074537268635,0.0
-0.8139069534767384,0.0
-0.8129064532266133,0.0
-0.8119059529764883,0.0
-0.8109054527263632,0.0
-0.8099049524762382,0.0
-0.8089044522261131,0.0
-0.8079039519759881,0.0
-0.806903451725863,0.0
-0.8059029514757379,0.0
-0.8049024512256129,0.0
-0.8039019509754878,0.0
-0.8029014507253627,0.0
-0.8019009504752377,0.0
-0.8009004502251126,0.0
-0.7998999499749875,0.0
-0.7988994497248625,0.0
-0.7978989494747374,0.0
-0.7968984492246123,0.0
-0.7958979489744873,0.0
-0.7948974487243622,0.0
-0.7938969484742371,0.0
-0.7928964482241121,0.0
-0.791895947973987,0.0
-0.7908954477238619,0.0
-0.7898949474737369,0.0
-0.7888944472236118,0.0
-0.7878939469734867,0.0
-0.7868934467233617,0.0
-0.7858929464732366,0.0
-0.7848924462231116,0.0
-0.7838919459729865,0.0
-0.7828914457228615,0.0
-0.7818909454727364,0.0
-0.7808904452226113,0.0
-0.7798899449724863,0.0
-0.7788894447223612,0.0
-0.7778889444722361,0.0
-0.7768884442221111,0.0
-0.775887943971986,0.0
-0.7748874437218609,0.0
-0.7738869434717359,0.0
-0.7728864432216108,0.0
-0.7718859429714857,0.0
-0.7708854427213607,0.0
-0.7698849424712356,0.0
-0.7688844422211105,0.0
-0.7678839419709855,0.0
-0.7668834417208604,0.0
-0.7658829414707353,0.0
-0.7648824412206103,0.0
-0.7638819409704852,0.0
-0.7628814407203602,0.0
-0.7618809404702351,0.0
-0.76088044022011,0.0
-0.759879939969985,0.0
-0.7588794397198599,0.0
-0.757878939469735,0.0
-0.7568784392196098,0.0
-0.7558779389694847,0.0
-0.7548774387193598,0.0
-0.7538769384692346,0.0
-0.7528764382191095,0.0
-0.7518759379689846,0.0
-0.7508754377188595,0.0
-0.7498749374687343,0.0
-0.7488744372186094,0.0
-0.7478739369684843,0.0
-0.7468734367183592,0.0
-0.7458729364682342,0.0
-0.7448724362181091,0.0
-0.743871935967984,0.0
-0.742871435717859,0.0
-0.7418709354677339,0.0
-0.7408704352176088,0.0
-0.7398699349674838,0.0
-0.7388694347173588,0.0
-0.7378689344672336,0.0
-0.7368684342171086,0.0
-0.7358679339669836,0.0
-0.7348674337168585,1.0
-0.7338669334667334,0.0
-0.7328664332166084,0.0
-0.7318659329664833,0.0
-0.7308654327163582,0.0
-0.7298649324662332,1.0
-0.7288644322161081,0.0
-0.727863931965983,0.0
-0.726863431715858,0.0
-0.7258629314657329,0.0
-0.7248624312156078,0.0
-0.7238619309654828,0.0
-0.7228614307153577,0.0
-0.7218609304652326,0.0
-0.7208604302151076,0.0
-0.7198599299649825,0.0
-0.7188594297148574,0.0
-0.7178589294647324,0.0
-0.7168584292146074,0.0
-0.7158579289644822,0.0
-0.7148574287143572,1.0
-0.7138569284642322,0.0
-0.712856428214107,0.0
-0.711855927963982,0.0
-0.710855427713857,0.0
-0.7098549274637319,0.0
-0.7088544272136068,0.0
-0.7078539269634818,0.0
-0.7068534267133567,0.0
-0.7058529264632316,0.0
-0.7048524262131066,0.0
-0.7038519259629815,0.0
-0.7028514257128564,0.0
-0.7018509254627314,0.0
-0.7008504252126063,0.0
-0.6998499249624812,0.0
-0.6988494247123562,0.0
-0.6978489244622311,0.0
-0.696848424212106,0.0
-0.695847923961981,0.0
-0.6948474237118559,0.0
-0.6938469234617308,0.0
-0.6928464232116058,0.0
-0.6918459229614808,0.0
-0.6908454227113556,0.0
-0.6898449224612306,0.0
-0.6888444222111056,0.0
-0.6878439219609804,0.0
-0.6868434217108554,0.0
-0.6858429214607304,0.0
-0.6848424212106053,0.0
-0.6838419209604802,0.0
-0.6828414207103553,0.0
-0.6818409204602301,0.0
-0.680840420210105,0.0
-0.67983991995998,0.0
-0.678839419709855,0.0
-0.6778389194597298,0.0
-0.6768384192096049,0.0
-0.6758379189594798,0.0
-0.6748374187093547,0.0
-0.6738369184592297,0.0
-0.6728364182091046,0.0
-0.6718359179589795,0.0
-0.6708354177088545,0.0
-0.6698349174587294,0.0
-0.6688344172086043,0.0
-0.6678339169584793,0.0
-0.6668334167083543,0.0
-0.6658329164582291,0.0
-0.6648324162081041,0.0
-0.6638319159579791,0.0
-0.662831415707854,0.0
-0.6618309154577289,0.0
-0.6608304152076039,0.0
-0.6598299149574788,0.0
-0.6588294147073537,0.0
-0.6578289144572287,0.0
-0.6568284142071036,0.0
-0.6558279139569785,0.0
-0.6548274137068535,0.0
-0.6538269134567284,0.0
-0.6528264132066033,0.0
-0.6518259129564783,0.0
-0.6508254127063532,0.0
-0.6498249124562281,0.0
-0.6488244122061031,0.0
-0.647823911955978,0.0
-0.6468234117058529,0.0
-0.6458229114557279,0.0
-0.6448224112056029,0.0
-0.6438219109554777,0.0
-0.6428214107053527,0.0
-0.6418209104552277,1.0
-0.6408204102051025,0.0
-0.6398199099549775,0.0
-0.6388194097048525,0.0
-0.6378189094547274,0.0
-0.6368184092046023,1.0
-0.6358179089544773,0.0
-0.6348174087043522,0.0
-0.6338169084542271,0.0
-0.6328164082041021,0.0
-0.631815907953977,0.0
-0.6308154077038519,0.0
-0.6298149074537269,0.0
-0.6288144072036018,0.0
-0.6278139069534767,0.0
-0.6268134067033517,0.0
-0.6258129064532266,0.0
-0.6248124062031015,0.0
-0.6238119059529765,0.0
-0.6228114057028514,0.0
-0.6218109054527263,0.0
-0.6208104052026013,0.0
-0.6198099049524763,0.0
-0.6188094047023511,0.0
-0.6178089044522261,0.0
-0.6168084042021011,0.0
-0.615807903951976,0.0
-0.6148074037018509,0.0
-0.613806903451726,0.0
-0.6128064032016008,0.0
-0.6118059029514757,0.0
-0.6108054027013508,0.0
-0.6098049024512256,0.0
-0.6088044022011005,0.0
-0.6078039019509756,0.0
-0.6068034017008505,0.0
-0.6058029014507254,0.0
-0.6048024012006004,0.0
-0.6038019009504753,0.0
-0.6028014007003502,0.0
-0.6018009004502252,0.0
-0.6008004002001001,0.0
-0.599799899949975,0.0
-0.59879939969985,0.0
-0.597798899449725,0.0
-0.5967983991995998,0.0
-0.5957978989494748,0.0
-0.5947973986993498,0.0
-0.5937968984492246,0.0
-0.5927963981990996,0.0
-0.5917958979489746,0.0
-0.5907953976988495,0.0
-0.5897948974487244,0.0
-0.5887943971985994,0.0
-0.5877938969484743,0.0
-0.5867933966983492,0.0
-0.5857928964482242,0.0
-0.5847923961980991,0.0
-0.583791895947974,0.0
-0.582791395697849,0.0
-0.5817908954477239,0.0
-0.5807903951975988,0.0
-0.5797898949474738,0.0
-0.5787893946973487,0.0
-0.5777888944472236,0.0
-0.5767883941970986,0.0
-0.5757878939469735,0.0
-0.5747873936968484,0.0
-0.5737868934467234,0.0
-0.5727863931965984,0.0
-0.5717858929464732,0.0
-0.5707853926963482,0.0
-0.5697848924462232,0.0
-0.568784392196098,0.0
-0.567783891945973,0.0
-0.566783391695848,0.0
-0.5657828914457229,0.0
-0.5647823911955978,0.0
-0.5637818909454728,0.0
-0.5627813906953477,0.0
-0.5617808904452226,0.0
-0.5607803901950976,0.0
-0.5597798899449725,0.0
-0.5587793896948474,0.0
-0.5577788894447224,1.0
-0.5567783891945973,0.0
-0.5557778889444722,0.0
-0.5547773886943472,0.0
-0.5537768884442221,0.0
-0.552776388194097,0.0
-0.551775887943972,0.0
-0.5507753876938469,0.0
-0.5497748874437218,0.0
-0.5487743871935968,0.0
-0.5477738869434718,0.0
-0.5467733866933466,0.0
-0.5457728864432216,0.0
-0.5447723861930966,0.0
-0.5437718859429715,0.0
-0.5427713856928464,0.0
-0.5417708854427215,0.0
-0.5407703851925963,0.0
-0.5397698849424712,0.0
-0.5387693846923463,0.0
-0.5377688844422212,0.0
-0.536768384192096,0.0
-0.5357678839419711,0.0
-0.534767383691846,0.0
-0.5337668834417209,0.0
-0.5327663831915959,0.0
-0.5317658829414708,0.0
-0.5307653826913457,0.0
-0.5297648824412207,0.0
-0.5287643821910956,0.0
-0.5277638819409705,0.0
-0.5267633816908455,0.0
-0.5257628814407205,0.0
-0.5247623811905953,0.0
-0.5237618809404703,0.0
-0.5227613806903453,0.0
-0.5217608804402201,0.0
-0.5207603801900951,0.0
-0.5197598799399701,0.0
-0.518759379689845,0.0
-0.5177588794397199,0.0
-0.5167583791895949,0.0
-0.5157578789394698,0.0
-0.5147573786893447,0.0
-0.5137568784392197,0.0
-0.5127563781890946,0.0
-0.5117558779389695,0.0
-0.5107553776888445,0.0
-0.5097548774387194,0.0
-0.5087543771885943,0.0
-0.5077538769384693,0.0
-0.5067533766883442,0.0
-0.5057528764382191,0.0
-0.5047523761880941,0.0
-0.503751875937969,0.0
-0.5027513756878439,0.0
-0.5017508754377189,0.0
-0.5007503751875939,0.0
-0.4997498749374688,0.0
-0.4987493746873437,0.0
-0.4977488744372186,0.0
-0.4967483741870936,0.0
-0.4957478739369685,0.0
-0.4947473736868434,0.0
-0.4937468734367184,0.0
-0.4927463731865933,0.0
-0.4917458729364683,0.0
-0.4907453726863432,0.0
-0.4897448724362181,0.0
-0.4887443721860931,0.0
-0.487743871935968,0.0
-0.4867433716858429,0.0
-0.4857428714357179,0.0
-0.4847423711855928,0.0
-0.4837418709354677,0.0
-0.48274137068534273,0.0
-0.4817408704352176,0.0
-0.48074037018509264,1.0
-0.47973986993496753,0.0
-0.47873936968484243,0.0
-0.47773886943471744,0.0
-0.47673836918459234,0.0
-0.47573786893446723,0.0
-0.47473736868434224,0.0
-0.47373686843421714,0.0
-0.47273636818409204,0.0
-0.47173586793396705,0.0
-0.47073536768384194,0.0
-0.46973486743371695,0.0
-0.46873436718359185,0.0
-0.46773386693346675,0.0
-0.46673336668334175,0.0
-0.46573286643321665,0.0
-0.46473236618309155,0.0
-0.46373186593296656,0.0
-0.46273136568284146,0.0
-0.46173086543271635,0.0
-0.46073036518259136,0.0
-0.45972986493246626,0.0
-0.45872936468234116,0.0
-0.45772886443221616,0.0
-0.45672836418209106,0.0
-0.45572786393196607,0.0
-0.45472736368184097,0.0
-0.45372686343171587,0.0
-0.4527263631815909,0.0
-0.45172586293146577,0.0
-0.45072536268134067,0.0
-0.4497248624312157,0.0
-0.4487243621810906,0.0
-0.44772386193096547,0.0
-0.4467233616808405,0.0
-0.4457228614307154,0.0
-0.4447223611805904,0.0
-0.4437218609304653,0.0
-0.4427213606803402,0.0
-0.4417208604302152,0.0
-0.4407203601800901,0.0
-0.439719859929965,0.0
-0.43871935967984,0.0
-0.4377188594297149,0.0
-0.4367183591795898,1.0
-0.4357178589294648,0.0
-0.4347173586793397,0.0
-0.4337168584292147,0.0
-0.4327163581790896,0.0
-0.4317158579289645,0.0
-0.4307153576788395,0.0
-0.4297148574287144,0.0
-0.4287143571785893,0.0
-0.4277138569284643,0.0
-0.4267133566783392,1.0
-0.4257128564282141,0.0
-0.4247123561780891,0.0
-0.423711855927964,0.0
-0.4227113556778389,0.0
-0.4217108554277139,0.0
-0.4207103551775888,0.0
-0.4197098549274638,1.0
-0.4187093546773387,0.0
-0.4177088544272136,0.0
-0.4167083541770886,0.0
-0.4157078539269635,0.0
-0.4147073536768384,0.0
-0.41370685342671343,0.0
-0.4127063531765883,0.0
-0.4117058529264632,0.0
-0.41070535267633823,0.0
-0.40970485242621313,0.0
-0.40870435217608814,0.0
-0.40770385192596303,0.0
-0.40670335167583793,1.0
-0.40570285142571294,0.0
-0.40470235117558784,0.0
-0.40370185092546274,0.0
-0.40270135067533774,0.0
-0.40170085042521264,0.0
-0.40070035017508754,0.0
-0.39969984992496255,0.0
-0.39869934967483744,0.0
-0.39769884942471245,0.0
-0.39669834917458735,0.0
-0.39569784892446225,0.0
-0.39469734867433726,0.0
-0.39369684842421215,0.0
-0.39269634817408705,0.0
-0.39169584792396206,1.0
-0.39069534767383696,0.0
-0.38969484742371185,0.0
-0.38869434717358686,1.0
-0.38769384692346176,0.0
-0.38669334667333666,0.0
-0.38569284642321167,0.0
-0.38469234617308656,0.0
-0.38369184592296157,0.0
-0.38269134567283647,0.0
-0.38169084542271137,0.0
-0.3806903451725864,0.0
-0.3796898449224613,0.0
-0.37868934467233617,0.0
-0.3776888444222112,0.0
-0.3766883441720861,0.0
-0.375687843921961,0.0
-0.374687343671836,0.0
-0.3736868434217109,0.0
-0.3726863431715859,0.0
-0.3716858429214608,0.0
-0.3706853426713357,0.0
-0.3696848424212107,1.0
-0.3686843421710856,0.0
-0.3676838419209605,0.0
-0.3666833416708355,1.0
-0.3656828414207104,0.0
-0.3646823411705853,0.0
-0.3636818409204603,0.0
-0.3626813406703352,0.0
-0.3616808404202102,0.0
-0.3606803401700851,0.0
-0.35967983991996,0.0
-0.358679339669835,0.0
-0.3576788394197099,0.0
-0.3566783391695848,0.0
-0.3556778389194598,0.0
-0.3546773386693347,0.0
-0.3536768384192096,0.0
-0.3526763381690846,0.0
-0.3516758379189595,0.0
-0.3506753376688345,0.0
-0.3496748374187094,0.0
-0.3486743371685843,0.0
-0.3476738369184593,0.0
-0.3466733366683342,1.0
-0.3456728364182091,0.0
-0.3446723361680841,0.0
-0.343671835917959,0.0
-0.3426713356678339,0.0
-0.34167083541770893,0.0
-0.3406703351675838,0.0
-0.3396698349174587,1.0
-0.33866933466733373,0.0
-0.33766883441720863,0.0
-0.33666833416708364,0.0
-0.33566783391695854,0.0
-0.33466733366683343,0.0
-0.33366683341670844,1.0
-0.33266633316658334,0.0
-0.33166583291645824,1.0
-0.33066533266633324,0.0
-0.32966483241620814,0.0
-0.32866433216608304,0.0
-0.32766383191595805,0.0
-0.32666333166583295,0.0
-0.32566283141570795,0.0
-0.32466233116558285,0.0
-0.32366183091545775,0.0
-0.32266133066533276,0.0
-0.32166083041520765,0.0
-0.32066033016508255,0.0
-0.31965982991495756,0.0
-0.31865932966483246,0.0
-0.31765882941470736,0.0
-0.31665832916458236,0.0
-0.31565782891445726,0.0
-0.31465732866433227,1.0
-0.31365682841420717,0.0
-0.31265632816408206,0.0
-0.3116558279139571,0.0
-0.31065532766383197,0.0
-0.30965482741370687,0.0
-0.3086543271635819,0.0
-0.3076538269134568,1.0
-0.30665332666333167,0.0
-0.3056528264132067,0.0
-0.3046523261630816,0.0
-0.3036518259129565,0.0
-0.3026513256628315,0.0
-0.3016508254127064,0.0
-0.3006503251625814,0.0
-0.2996498249124563,0.0
-0.2986493246623312,0.0
-0.2976488244122062,0.0
-0.2966483241620811,0.0
-0.295647823911956,0.0
-0.294647323661831,0.0
-0.2936468234117059,0.0
-0.2926463231615808,0.0
-0.2916458229114558,0.0
-0.2906453226613307,0.0
-0.2896448224112057,0.0
-0.2886443221610806,1.0
-0.2876438219109555,0.0
-0.2866433216608305,0.0
-0.2856428214107054,0.0
-0.2846423211605803,0.0
-0.2836418209104553,0.0
-0.2826413206603302,0.0
-0.2816408204102051,0.0
-0.2806403201600801,0.0
-0.279639819909955,0.0
-0.27863931965983,0.0
-0.2776388194097049,0.0
-0.2766383191595798,0.0
-0.2756378189094548,0.0
-0.2746373186593297,0.0
-0.2736368184092046,0.0
-0.2726363181590796,1.0
-0.2716358179089545,0.0
-0.2706353176588294,0.0
-0.26963481740870443,0.0
-0.2686343171585793,0.0
-0.2676338169084542,0.0
-0.26663331665832923,0.0
-0.26563281640820413,0.0
-0.26463231615807914,1.0
-0.26363181590795404,0.0
-0.26263131565782893,0.0
-0.26163081540770394,0.0
-0.26063031515757884,1.0
-0.25962981490745374,0.0
-0.25862931465732875,0.0
-0.25762881440720364,0.0
-0.25662831415707854,0.0
-0.25562781390695355,0.0
-0.25462731365682845,0.0
-0.25362681340670346,0.0
-0.25262631315657835,0.0
-0.25162581290645325,0.0
-0.25062531265632826,0.0
-0.24962481240620316,1.0
-0.24862431215607805,0.0
-0.24762381190595306,0.0
-0.24662331165582796,0.0
-0.24562281140570286,0.0
-0.24462231115557787,0.0
-0.24362181090545276,0.0
-0.24262131065532777,0.0
-0.24162081040520267,0.0
-0.24062031015507757,0.0
-0.23961980990495257,0.0
-0.23861930965482747,0.0
-0.23761880940470237,0.0
-0.23661830915457738,0.0
-0.23561780890445227,0.0
-0.23461730865432717,0.0
-0.23361680840420218,1.0
-0.23261630815407708,0.0
-0.2316158079039521,1.0
-0.23061530765382698,0.0
-0.22961480740370188,0.0
-0.2286143071535769,0.0
-0.2276138069034518,1.0
-0.22661330665332668,0.0
-0.2256128064032017,0.0
-0.2246123061530766,0.0
-0.2236118059029515,0.0
-0.2226113056528265,0.0
-0.2216108054027014,0.0
-0.2206103051525763,0.0
-0.2196098049024513,0.0
-0.2186093046523262,0.0
-0.2176088044022012,0.0
-0.2166083041520761,0.0
-0.215607803901951,0.0
-0.214607303651826,0.0
-0.2136068034017009,0.0
-0.2126063031515758,0.0
-0.2116058029014508,0.0
-0.2106053026513257,0.0
-0.2096048024012006,0.0
-0.20860430215107562,1.0
-0.2076038019009505,0.0
-0.20660330165082552,0.0
-0.20560280140070042,0.0
-0.20460230115057532,0.0
-0.20360180090045032,0.0
-0.20260130065032522,0.0
-0.20160080040020012,0.0
-0.20060030015007513,0.0
-0.19959979989995003,0.0
-0.19859929964982492,0.0
-0.19759879939969993,0.0
-0.19659829914957483,0.0
-0.19559779889944984,0.0
-0.19459729864932473,0.0
-0.19359679839919963,0.0
-0.19259629814907464,0.0
-0.19159579789894954,1.0
-0.19059529764882444,0.0
-0.18959479739869944,0.0
-0.18859429714857434,0.0
-0.18759379689844924,0.0
-0.18659329664832425,0.0
-0.18559279639819914,0.0
-0.18459229614807404,0.0
-0.18359179589794905,0.0
-0.18259129564782395,0.0
-0.18159079539769896,1.0
-0.18059029514757385,1.0
-0.17958979489744875,0.0
-0.17858929464732376,0.0
-0.17758879439719866,0.0
-0.17658829414707355,0.0
-0.17558779389694856,0.0
-0.17458729364682346,0.0
-0.17358679339669836,0.0
-0.17258629314657337,0.0
-0.17158579289644826,0.0
-0.17058529264632327,0.0
-0.16958479239619817,0.0
-0.16858429214607307,0.0
-0.16758379189594808,0.0
-0.16658329164582297,0.0
-0.16558279139569787,0.0
-0.16458229114557288,0.0
-0.16358179089544778,0.0
-0.16258129064532267,0.0
-0.16158079039519768,0.0
-0.16058029014507258,0.0
-0.1595797898949476,0.0
-0.15857928964482249,0.0
-0.15757878939469738,0.0
-0.1565782891445724,0.0
-0.1555777888944473,1.0
-0.15457728864432219,1.0
-0.1535767883941972,0.0
-0.1525762881440721,0.0
-0.151575787893947,0.0
-0.150575287643822,1.0
-0.1495747873936969,1.0
-0.1485742871435718,0.0
-0.1475737868934468,0.0
-0.1465732866433217,0.0
-0.1455727863931967,1.0
-0.1445722861430716,0.0
-0.1435717858929465,0.0
-0.1425712856428215,0.0
-0.1415707853926964,0.0
-0.1405702851425713,1.0
-0.1395697848924463,0.0
-0.1385692846423212,0.0
-0.1375687843921961,1.0
-0.13656828414207112,0.0
-0.13556778389194601,0.0
-0.13456728364182102,0.0
-0.13356678339169592,0.0
-0.13256628314157082,0.0
-0.13156578289144583,0.0
-0.13056528264132072,0.0
-0.12956478239119562,0.0
-0.12856428214107063,0.0
-0.12756378189094553,1.0
-0.12656328164082042,0.0
-0.12556278139069543,1.0
-0.12456228114057033,1.0
-0.12356178089044534,0.0
-0.12256128064032024,0.0
-0.12156078039019513,0.0
-0.12056028014007014,0.0
-0.11955977988994504,0.0
-0.11855927963981994,0.0
-0.11755877938969495,0.0
-0.11655827913956984,0.0
-0.11555777888944474,0.0
-0.11455727863931975,0.0
-0.11355677838919465,1.0
-0.11255627813906954,0.0
-0.11155577788894455,0.0
-0.11055527763881945,1.0
-0.10955477738869446,0.0
-0.10855427713856936,0.0
-0.10755377688844425,0.0
-0.10655327663831926,0.0
-0.10555277638819416,0.0
-0.10455227613806906,0.0
-0.10355177588794406,0.0
-0.10255127563781896,0.0
-0.10155077538769386,0.0
-0.10055027513756887,0.0
-0.09954977488744376,1.0
-0.09854927463731877,0.0
-0.09754877438719367,1.0
-0.09654827413706857,0.0
-0.09554777388694358,1.0
-0.09454727363681847,0.0
-0.09354677338669337,1.0
-0.09254627313656838,0.0
-0.09154577288644328,0.0
-0.09054527263631817,0.0
-0.08954477238619318,0.0
-0.08854427213606808,0.0
-0.08754377188594309,0.0
-0.08654327163581799,1.0
-0.08554277138569288,0.0
-0.08454227113556789,0.0
-0.08354177088544279,0.0
-0.08254127063531769,0.0
-0.0815407703851927,0.0
-0.0805402701350676,0.0
-0.07953976988494249,0.0
-0.0785392696348175,0.0
-0.0775387693846924,0.0
-0.0765382691345674,0.0
-0.0755377688844423,1.0
-0.0745372686343172,0.0
-0.07353676838419221,0.0
-0.0725362681340671,0.0
-0.071535767883942,0.0
-0.07053526763381701,0.0
-0.06953476738369191,0.0
-0.0685342671335668,0.0
-0.06753376688344181,1.0
-0.06653326663331671,0.0
-0.06553276638319161,1.0
-0.06453226613306662,0.0
-0.06353176588294152,0.0
-0.06253126563281652,0.0
-0.06153076538269142,0.0
-0.06053026513256632,0.0
-0.05952976488244133,0.0
-0.058529264632316225,0.0
-0.05752876438219112,0.0
-0.05652826413206613,0.0
-0.05552776388194103,0.0
-0.054527263631815925,1.0
-0.053526763381690934,0.0
-0.05252626313156583,1.0
-0.05152576288144084,0.0
-0.05052526263131574,0.0
-0.049524762381190635,1.0
-0.04852426213106564,0.0
-0.04752376188094054,0.0
-0.04652326163081544,0.0
-0.045522761380690446,1.0
-0.044522261130565344,0.0
-0.04352176088044024,0.0
-0.04252126063031525,0.0
-0.04152076038019015,0.0
-0.040520260130065155,0.0
-0.03951975987994005,1.0
-0.03851925962981495,0.0
-0.03751875937968996,0.0
-0.036518259129564856,1.0
-0.035517758879439754,0.0
-0.03451725862931476,0.0
-0.03351675837918966,0.0
-0.03251625812906456,0.0
-0.031515757878939565,0.0
-0.030515257628814463,0.0
-0.02951475737868936,1.0
-0.02851425712856437,0.0
-0.027513756878439266,0.0
-0.026513256628314275,1.0
-0.025512756378189172,1.0
-0.02451225612806407,0.0
-0.023511755877939078,1.0
-0.022511255627813975,0.0
-0.021510755377688873,0.0
-0.02051025512756388,0.0
-0.01950975487743878,0.0
-0.018509254627313676,0.0
-0.017508754377188684,1.0
-0.016508254127063582,0.0
-0.01550775387693859,0.0
-0.014507253626813488,1.0
-0.013506753376688385,0.0
-0.012506253126563394,0.0
-0.011505752876438291,0.0
-0.010505252626313188,1.0
-0.009504752376188197,0.0
-0.008504252126063094,0.0
-0.007503751875937992,0.0
-0.006503251625813,1.0
-0.005502751375687898,1.0
-0.004502251125562906,0.0
-0.0035017508754378035,0.0
-0.002501250625312701,1.0
-0.0015007503751877094,0.0
-0.0005002501250626068,0.0
0.0005002501250623848,1.0
0.0015007503751875984,1.0
0.00250125062531259,0.0
0.0035017508754375815,1.0
0.004502251125562795,0.0
0.005502751375687787,0.0
0.006503251625812778,0.0
0.007503751875937992,0.0
0.008504252126062983,1.0
0.009504752376187975,0.0
0.010505252626313188,0.0
0.01150575287643818,0.0
0.012506253126563172,0.0
0.013506753376688163,0.0
0.014507253626813377,0.0
0.015507753876938368,0.0
0.01650825412706336,0.0
0.017508754377188573,1.0
0.018509254627313565,0.0
0.019509754877438557,0.0
0.02051025512756377,0.0
0.02151075537768876,0.0
0.022511255627813753,1.0
0.023511755877938967,0.0
0.02451225612806396,0.0
0.02551275637818895,0.0
0.026513256628314164,0.0
0.027513756878439155,0.0
0.028514257128564147,1.0
0.02951475737868936,0.0
0.030515257628814352,0.0
0.03151575787893934,0.0
0.03251625812906456,0.0
0.03351675837918955,0.0
0.03451725862931454,0.0
0.035517758879439754,0.0
0.036518259129564745,1.0
0.03751875937968974,0.0
0.03851925962981473,0.0
0.03951975987993994,1.0
0.04052026013006493,0.0
0.041520760380189925,0.0
0.04252126063031514,1.0
0.04352176088044013,0.0
0.04452226113056512,0.0
0.045522761380690335,1.0
0.04652326163081533,0.0
0.04752376188094032,1.0
0.04852426213106553,0.0
0.049524762381190524,0.0
0.050525262631315515,0.0
0.05152576288144073,1.0
0.05252626313156572,0.0
0.05352676338169071,1.0
0.054527263631815925,0.0
0.05552776388194092,0.0
0.05652826413206591,0.0
0.05752876438219112,0.0
0.058529264632316114,1.0
0.059529764882441105,1.0
0.0605302651325661,0.0
0.06153076538269131,0.0
0.0625312656328163,0.0
0.0635317658829413,0.0
0.06453226613306651,0.0
0.0655327663831915,0.0
0.06653326663331649,0.0
0.0675337668834417,0.0
0.0685342671335667,1.0
0.06953476738369169,0.0
0.0705352676338169,0.0
0.07153576788394189,1.0
0.07253626813406688,1.0
0.0735367683841921,0.0
0.07453726863431709,1.0
0.07553776888444208,1.0
0.0765382691345673,0.0
0.07753876938469229,0.0
0.07853926963481728,0.0
0.07953976988494249,0.0
0.08054027013506748,0.0
0.08154077038519247,0.0
0.08254127063531769,0.0
0.08354177088544268,1.0
0.08454227113556767,1.0
0.08554277138569266,0.0
0.08654327163581788,1.0
0.08754377188594287,1.0
0.08854427213606786,0.0
0.08954477238619307,1.0
0.09054527263631806,1.0
0.09154577288644306,1.0
0.09254627313656827,0.0
0.09354677338669326,0.0
0.09454727363681825,0.0
0.09554777388694347,0.0
0.09654827413706846,0.0
0.09754877438719345,1.0
0.09854927463731866,1.0
0.09954977488744365,1.0
0.10055027513756865,0.0
0.10155077538769386,0.0
0.10255127563781885,0.0
0.10355177588794384,1.0
0.10455227613806906,0.0
0.10555277638819405,0.0
0.10655327663831904,0.0
0.10755377688844425,0.0
0.10855427713856924,1.0
0.10955477738869424,0.0
0.11055527763881923,0.0
0.11155577788894444,0.0
0.11255627813906943,0.0
0.11355677838919442,1.0
0.11455727863931964,0.0
0.11555777888944463,0.0
0.11655827913956962,1.0
0.11755877938969483,0.0
0.11855927963981983,0.0
0.11955977988994482,0.0
0.12056028014007003,1.0
0.12156078039019502,1.0
0.12256128064032001,1.0
0.12356178089044523,0.0
0.12456228114057022,1.0
0.1255627813906952,0.0
0.12656328164082042,0.0
0.12756378189094542,1.0
0.1285642821410704,1.0
0.12956478239119562,0.0
0.1305652826413206,0.0
0.1315657828914456,1.0
0.1325662831415706,1.0
0.1335667833916958,0.0
0.1345672836418208,0.0
0.1355677838919458,1.0
0.136568284142071,1.0
0.137568784392196,0.0
0.138569284642321,1.0
0.1395697848924462,1.0
0.1405702851425712,0.0
0.14157078539269619,0.0
0.1425712856428214,0.0
0.1435717858929464,0.0
0.14457228614307138,0.0
0.1455727863931966,0.0
0.1465732866433216,1.0
0.14757378689344658,0.0
0.1485742871435718,0.0
0.14957478739369678,1.0
0.15057528764382178,0.0
0.151575787893947,0.0
0.15257628814407198,0.0
0.15357678839419697,1.0
0.15457728864432219,0.0
0.15557778889444718,1.0
0.15657828914457217,1.0
0.15757878939469716,0.0
0.15857928964482237,0.0
0.15957978989494737,0.0
0.16058029014507236,0.0
0.16158079039519757,1.0
0.16258129064532256,0.0
0.16358179089544755,0.0
0.16458229114557277,1.0
0.16558279139569776,0.0
0.16658329164582275,0.0
0.16758379189594796,1.0
0.16858429214607296,0.0
0.16958479239619795,0.0
0.17058529264632316,0.0
0.17158579289644815,0.0
0.17258629314657314,0.0
0.17358679339669836,0.0
0.17458729364682335,1.0
0.17558779389694834,0.0
0.17658829414707355,1.0
0.17758879439719855,0.0
0.17858929464732354,1.0
0.17958979489744853,0.0
0.18059029514757374,0.0
0.18159079539769873,1.0
0.18259129564782373,1.0
0.18359179589794894,1.0
0.18459229614807393,1.0
0.18559279639819892,1.0
0.18659329664832414,1.0
0.18759379689844913,1.0
0.18859429714857412,1.0
0.18959479739869933,0.0
0.19059529764882432,1.0
0.19159579789894932,0.0
0.19259629814907453,0.0
0.19359679839919952,1.0
0.1945972986493245,1.0
0.19559779889944973,0.0
0.19659829914957472,0.0
0.1975987993996997,0.0
0.19859929964982492,1.0
0.19959979989994991,0.0
0.2006003001500749,1.0
0.20160080040020012,1.0
0.2026013006503251,0.0
0.2036018009004501,0.0
0.2046023011505751,0.0
0.2056028014007003,0.0
0.2066033016508253,0.0
0.2076038019009503,0.0
0.2086043021510755,1.0
0.2096048024012005,0.0
0.2106053026513255,1.0
0.2116058029014507,0.0
0.2126063031515757,1.0
0.21360680340170068,1.0
0.2146073036518259,1.0
0.2156078039019509,0.0
0.21660830415207588,1.0
0.2176088044022011,1.0
0.2186093046523261,0.0
0.21960980490245108,0.0
0.2206103051525763,1.0
0.22161080540270128,1.0
0.22261130565282627,0.0
0.2236118059029515,0.0
0.22461230615307648,0.0
0.22561280640320147,0.0
0.22661330665332668,0.0
0.22761380690345168,1.0
0.22861430715357667,0.0
0.22961480740370166,0.0
0.23061530765382687,1.0
0.23161580790395186,1.0
0.23261630815407686,1.0
0.23361680840420207,1.0
0.23461730865432706,1.0
0.23561780890445205,0.0
0.23661830915457727,1.0
0.23761880940470226,1.0
0.23861930965482725,0.0
0.23961980990495246,1.0
0.24062031015507745,0.0
0.24162081040520245,0.0
0.24262131065532766,1.0
0.24362181090545265,1.0
0.24462231115557764,1.0
0.24562281140570286,1.0
0.24662331165582785,0.0
0.24762381190595284,1.0
0.24862431215607805,0.0
0.24962481240620304,0.0
0.25062531265632804,1.0
0.25162581290645303,0.0
0.25262631315657824,1.0
0.25362681340670323,1.0
0.2546273136568282,1.0
0.25562781390695344,1.0
0.25662831415707843,0.0
0.2576288144072034,1.0
0.25862931465732864,1.0
0.2596298149074536,0.0
0.2606303151575786,1.0
0.26163081540770383,1.0
0.2626313156578288,0.0
0.2636318159079538,0.0
0.26463231615807903,1.0
0.265632816408204,1.0
0.266633316658329,1.0
0.2676338169084542,0.0
0.2686343171585792,1.0
0.2696348174087042,1.0
0.2706353176588294,1.0
0.2716358179089544,0.0
0.2726363181590794,0.0
0.2736368184092046,1.0
0.2746373186593296,1.0
0.2756378189094546,0.0
0.2766383191595796,0.0
0.2776388194097048,1.0
0.2786393196598298,0.0
0.2796398199099548,0.0
0.28064032016008,1.0
0.281640820410205,0.0
0.28264132066033,1.0
0.2836418209104552,1.0
0.2846423211605802,1.0
0.2856428214107052,1.0
0.2866433216608304,1.0
0.2876438219109554,0.0
0.2886443221610804,1.0
0.2896448224112056,1.0
0.2906453226613306,1.0
0.2916458229114556,0.0
0.2926463231615808,1.0
0.2936468234117058,0.0
0.2946473236618308,0.0
0.295647823911956,1.0
0.296648324162081,1.0
0.29764882441220597,0.0
0.29864932466233096,1.0
0.2996498249124562,1.0
0.30065032516258117,1.0
0.30165082541270616,1.0
0.30265132566283137,0.0
0.30365182591295636,1.0
0.30465232616308136,0.0
0.30565282641320657,1.0
0.30665332666333156,1.0
0.30765382691345655,1.0
0.30865432716358177,1.0
0.30965482741370676,1.0
0.31065532766383175,1.0
0.31165582791395696,1.0
0.31265632816408195,1.0
0.31365682841420695,0.0
0.31465732866433216,0.0
0.31565782891445715,1.0
0.31665832916458214,1.0
0.31765882941470736,1.0
0.31865932966483235,1.0
0.31965982991495734,0.0
0.32066033016508255,1.0
0.32166083041520754,1.0
0.32266133066533254,0.0
0.3236618309154575,1.0
0.32466233116558274,1.0
0.32566283141570773,0.0
0.3266633316658327,0.0
0.32766383191595794,1.0
0.32866433216608293,0.0
0.3296648324162079,0.0
0.33066533266633313,1.0
0.3316658329164581,0.0
0.3326663331665831,1.0
0.33366683341670833,1.0
0.3346673336668333,1.0
0.3356678339169583,1.0
0.3366683341670835,1.0
0.3376688344172085,0.0
0.3386693346673335,0.0
0.3396698349174587,0.0
0.3406703351675837,1.0
0.3416708354177087,1.0
0.3426713356678339,1.0
0.3436718359179589,1.0
0.3446723361680839,1.0
0.3456728364182091,1.0
0.3466733366683341,0.0
0.3476738369184591,1.0
0.3486743371685841,1.0
0.3496748374187093,1.0
0.3506753376688343,1.0
0.3516758379189593,0.0
0.3526763381690845,1.0
0.3536768384192095,0.0
0.3546773386693345,0.0
0.3556778389194597,1.0
0.3566783391695847,1.0
0.3576788394197097,0.0
0.3586793396698349,0.0
0.3596798399199599,1.0
0.3606803401700849,1.0
0.3616808404202101,1.0
0.3626813406703351,0.0
0.3636818409204601,1.0
0.3646823411705853,0.0
0.3656828414207103,0.0
0.36668334167083527,0.0
0.3676838419209605,0.0
0.3686843421710855,1.0
0.36968484242121047,0.0
0.37068534267133546,0.0
0.3716858429214607,1.0
0.37268634317158567,1.0
0.37368684342171066,1.0
0.37468734367183587,1.0
0.37568784392196086,1.0
0.37668834417208585,1.0
0.37768884442221107,0.0
0.37868934467233606,1.0
0.37968984492246105,1.0
0.38069034517258626,1.0
0.38169084542271126,1.0
0.38269134567283625,1.0
0.38369184592296146,1.0
0.38469234617308645,1.0
0.38569284642321144,1.0
0.38669334667333666,0.0
0.38769384692346165,1.0
0.38869434717358664,1.0
0.38969484742371185,0.0
0.39069534767383685,1.0
0.39169584792396184,1.0
0.39269634817408705,0.0
0.39369684842421204,0.0
0.39469734867433703,1.0
0.395697848924462,0.0
0.39669834917458724,0.0
0.39769884942471223,1.0
0.3986993496748372,1.0
0.39969984992496244,1.0
0.4007003501750874,0.0
0.4017008504252124,1.0
0.40270135067533763,0.0
0.4037018509254626,1.0
0.4047023511755876,1.0
0.40570285142571283,1.0
0.4067033516758378,0.0
0.4077038519259628,1.0
0.408704352176088,1.0
0.409704852426213,1.0
0.410705352676338,0.0
0.4117058529264632,1.0
0.4127063531765882,1.0
0.4137068534267132,1.0
0.4147073536768384,1.0
0.4157078539269634,1.0
0.4167083541770884,0.0
0.4177088544272134,0.0
0.4187093546773386,1.0
0.4197098549274636,0.0
0.4207103551775886,1.0
0.4217108554277138,0.0
0.4227113556778388,1.0
0.4237118559279638,1.0
0.424712356178089,1.0
0.425712856428214,0.0
0.426713356678339,1.0
0.4277138569284642,1.0
0.4287143571785892,1.0
0.4297148574287142,0.0
0.4307153576788394,0.0
0.4317158579289644,1.0
0.4327163581790894,1.0
0.4337168584292146,1.0
0.4347173586793396,1.0
0.4357178589294646,0.0
0.4367183591795898,1.0
0.4377188594297148,1.0
0.43871935967983977,1.0
0.439719859929965,1.0
0.44072036018009,1.0
0.44172086043021497,1.0
0.44272136068033996,1.0
0.4437218609304652,1.0
0.44472236118059016,0.0
0.44572286143071516,1.0
0.44672336168084037,1.0
0.44772386193096536,1.0
0.44872436218109035,1.0
0.44972486243121557,1.0
0.45072536268134056,0.0
0.45172586293146555,0.0
0.45272636318159076,0.0
0.45372686343171575,1.0
0.45472736368184075,1.0
0.45572786393196596,1.0
0.45672836418209095,1.0
0.45772886443221594,1.0
0.45872936468234116,1.0
0.45972986493246615,1.0
0.46073036518259114,1.0
0.46173086543271635,0.0
0.46273136568284134,1.0
0.46373186593296634,1.0
0.46473236618309155,1.0
0.46573286643321654,1.0
0.46673336668334153,1.0
0.4677338669334665,1.0
0.46873436718359174,1.0
0.46973486743371673,1.0
0.4707353676838417,1.0
0.47173586793396693,1.0
0.4727363681840919,1.0
0.4737368684342169,1.0
0.47473736868434213,1.0
0.4757378689344671,1.0
0.4767383691845921,1.0
0.47773886943471733,1.0
0.4787393696848423,1.0
0.4797398699349673,1.0
0.4807403701850925,1.0
0.4817408704352175,1.0
0.4827413706853425,1.0
0.4837418709354677,1.0
0.4847423711855927,1.0
0.4857428714357177,1.0
0.4867433716858429,1.0
0.4877438719359679,1.0
0.4887443721860929,1.0
0.4897448724362179,1.0
0.4907453726863431,1.0
0.4917458729364681,1.0
0.4927463731865931,1.0
0.4937468734367183,1.0
0.4947473736868433,1.0
0.4957478739369683,1.0
0.4967483741870935,1.0
0.4977488744372185,1.0
0.4987493746873435,0.0
0.4997498749374687,1.0
0.5007503751875937,1.0
0.5017508754377187,0.0
0.5027513756878439,0.0
0.5037518759379689,0.0
0.5047523761880939,1.0
0.5057528764382191,1.0
0.5067533766883441,0.0
0.5077538769384691,1.0
0.5087543771885943,1.0
0.5097548774387193,1.0
0.5107553776888443,1.0
0.5117558779389695,1.0
0.5127563781890945,1.0
0.5137568784392195,1.0
0.5147573786893445,1.0
0.5157578789394697,1.0
0.5167583791895947,1.0
0.5177588794397197,1.0
0.5187593796898449,1.0
0.5197598799399699,1.0
0.5207603801900949,1.0
0.5217608804402201,1.0
0.5227613806903451,1.0
0.52376188094047,1.0
0.5247623811905953,1.0
0.5257628814407203,1.0
0.5267633816908452,1.0
0.5277638819409705,0.0
0.5287643821910955,0.0
0.5297648824412204,0.0
0.5307653826913457,1.0
0.5317658829414706,1.0
0.5327663831915956,1.0
0.5337668834417209,1.0
0.5347673836918458,1.0
0.5357678839419708,0.0
0.5367683841920958,1.0
0.537768884442221,1.0
0.538769384692346,1.0
0.539769884942471,1.0
0.5407703851925962,1.0
0.5417708854427212,1.0
0.5427713856928462,1.0
0.5437718859429714,1.0
0.5447723861930964,1.0
0.5457728864432214,1.0
0.5467733866933466,1.0
0.5477738869434716,1.0
0.5487743871935966,0.0
0.5497748874437218,0.0
0.5507753876938468,1.0
0.5517758879439718,1.0
0.552776388194097,1.0
0.553776888444222,1.0
0.554777388694347,1.0
0.5557778889444722,0.0
0.5567783891945972,0.0
0.5577788894447222,1.0
0.5587793896948474,1.0
0.5597798899449724,1.0
0.5607803901950974,1.0
0.5617808904452224,1.0
0.5627813906953476,1.0
0.5637818909454726,0.0
0.5647823911955976,0.0
0.5657828914457228,1.0
0.5667833916958478,1.0
0.5677838919459728,1.0
0.568784392196098,1.0
0.569784892446223,1.0
0.570785392696348,1.0
0.5717858929464732,1.0
0.5727863931965982,1.0
0.5737868934467232,1.0
0.5747873936968484,1.0
0.5757878939469734,1.0
0.5767883941970984,1.0
0.5777888944472236,1.0
0.5787893946973486,1.0
0.5797898949474736,0.0
0.5807903951975988,1.0
0.5817908954477238,0.0
0.5827913956978488,1.0
0.583791895947974,1.0
0.584792396198099,1.0
0.585792896448224,1.0
0.586793396698349,1.0
0.5877938969484742,1.0
0.5887943971985992,1.0
0.5897948974487242,1.0
0.5907953976988494,1.0
0.5917958979489744,1.0
0.5927963981990994,1.0
0.5937968984492246,0.0
0.5947973986993496,1.0
0.5957978989494745,1.0
0.5967983991995998,1.0
0.5977988994497248,1.0
0.5987993996998497,1.0
0.599799899949975,1.0
0.6008004002001,1.0
0.6018009004502249,1.0
0.6028014007003502,1.0
0.6038019009504751,1.0
0.6048024012006001,0.0
0.6058029014507254,1.0
0.6068034017008503,1.0
0.6078039019509753,0.0
0.6088044022011003,1.0
0.6098049024512255,1.0
0.6108054027013505,1.0
0.6118059029514755,0.0
0.6128064032016007,1.0
0.6138069034517257,1.0
0.6148074037018507,1.0
0.6158079039519759,1.0
0.6168084042021009,1.0
0.6178089044522259,1.0
0.6188094047023511,1.0
0.6198099049524761,1.0
0.6208104052026011,1.0
0.6218109054527263,0.0
0.6228114057028513,1.0
0.6238119059529763,1.0
0.6248124062031015,1.0
0.6258129064532265,1.0
0.6268134067033515,0.0
0.6278139069534767,1.0
0.6288144072036017,1.0
0.6298149074537267,1.0
0.6308154077038519,1.0
0.6318159079539769,1.0
0.6328164082041019,1.0
0.6338169084542269,0.0
0.6348174087043521,1.0
0.6358179089544771,1.0
0.6368184092046021,1.0
0.6378189094547273,1.0
0.6388194097048523,1.0
0.6398199099549773,1.0
0.6408204102051025,1.0
0.6418209104552275,1.0
0.6428214107053525,1.0
0.6438219109554777,1.0
0.6448224112056027,1.0
0.6458229114557277,1.0
0.6468234117058529,1.0
0.6478239119559779,1.0
0.6488244122061029,1.0
0.6498249124562281,0.0
0.6508254127063531,1.0
0.6518259129564781,1.0
0.6528264132066033,1.0
0.6538269134567283,1.0
0.6548274137068533,1.0
0.6558279139569785,1.0
0.6568284142071035,1.0
0.6578289144572285,1.0
0.6588294147073535,1.0
0.6598299149574787,1.0
0.6608304152076037,1.0
0.6618309154577287,1.0
0.6628314157078539,1.0
0.6638319159579789,1.0
0.6648324162081038,1.0
0.6658329164582291,1.0
0.666833416708354,1.0
0.667833916958479,1.0
0.6688344172086043,1.0
0.6698349174587293,1.0
0.6708354177088542,1.0
0.6718359179589795,1.0
0.6728364182091044,1.0
0.6738369184592294,0.0
0.6748374187093547,1.0
0.6758379189594796,1.0
0.6768384192096046,1.0
0.6778389194597298,1.0
0.6788394197098548,1.0
0.6798399199599798,1.0
0.6808404202101048,1.0
0.68184092046023,1.0
0.682841420710355,1.0
0.68384192096048,1.0
0.6848424212106052,1.0
0.6858429214607302,1.0
0.6868434217108552,1.0
0.6878439219609804,1.0
0.6888444222111054,1.0
0.6898449224612304,1.0
0.6908454227113556,1.0
0.6918459229614806,1.0
0.6928464232116056,1.0
0.6938469234617308,1.0
0.6948474237118558,1.0
0.6958479239619808,1.0
0.696848424212106,1.0
0.697848924462231,1.0
0.698849424712356,1.0
0.6998499249624812,1.0
0.7008504252126062,1.0
0.7018509254627312,1.0
0.7028514257128564,1.0
0.7038519259629814,1.0
0.7048524262131064,1.0
0.7058529264632314,1.0
0.7068534267133566,1.0
0.7078539269634816,1.0
0.7088544272136066,1.0
0.7098549274637318,1.0
0.7108554277138568,1.0
0.7118559279639818,1.0
0.712856428214107,1.0
0.713856928464232,1.0
0.714857428714357,1.0
0.7158579289644822,1.0
0.7168584292146072,1.0
0.7178589294647322,1.0
0.7188594297148574,1.0
0.7198599299649824,1.0
0.7208604302151074,1.0
0.7218609304652326,1.0
0.7228614307153576,1.0
0.7238619309654826,1.0
0.7248624312156078,1.0
0.7258629314657328,1.0
0.7268634317158578,1.0
0.7278639319659828,1.0
0.728864432216108,1.0
0.729864932466233,1.0
0.730865432716358,1.0
0.7318659329664832,1.0
0.7328664332166082,1.0
0.7338669334667332,1.0
0.7348674337168584,0.0
0.7358679339669834,1.0
0.7368684342171083,1.0
0.7378689344672336,1.0
0.7388694347173586,1.0
0.7398699349674835,1.0
0.7408704352176088,1.0
0.7418709354677337,1.0
0.7428714357178587,1.0
0.743871935967984,1.0
0.744872436218109,1.0
0.7458729364682339,0.0
0.7468734367183592,1.0
0.7478739369684841,1.0
0.7488744372186091,1.0
0.7498749374687343,1.0
0.7508754377188593,1.0
0.7518759379689843,1.0
0.7528764382191093,0.0
0.7538769384692345,1.0
0.7548774387193595,1.0
0.7558779389694845,1.0
0.7568784392196097,1.0
0.7578789394697347,1.0
0.7588794397198597,1.0
0.7598799399699849,1.0
0.7608804402201099,1.0
0.7618809404702349,1.0
0.7628814407203601,1.0
0.7638819409704851,1.0
0.7648824412206101,1.0
0.7658829414707353,1.0
0.7668834417208603,1.0
0.7678839419709853,1.0
0.7688844422211105,1.0
0.7698849424712355,1.0
0.7708854427213605,1.0
0.7718859429714857,1.0
0.7728864432216107,1.0
0.7738869434717357,0.0
0.7748874437218609,1.0
0.7758879439719859,1.0
0.7768884442221109,1.0
0.7778889444722359,1.0
0.7788894447223611,1.0
0.7798899449724861,1.0
0.7808904452226111,1.0
0.7818909454727363,1.0
0.7828914457228613,1.0
0.7838919459729863,1.0
0.7848924462231115,1.0
0.7858929464732365,1.0
0.7868934467233615,1.0
0.7878939469734867,1.0
0.7888944472236117,1.0
0.7898949474737367,1.0
0.7908954477238619,1.0
0.7918959479739869,1.0
0.7928964482241119,1.0
0.7938969484742371,1.0
0.7948974487243621,1.0
0.7958979489744871,1.0
0.7968984492246123,1.0
0.7978989494747373,1.0
0.7988994497248623,1.0
0.7998999499749873,1.0
0.8009004502251125,1.0
0.8019009504752375,1.0
0.8029014507253625,1.0
0.8039019509754877,1.0
0.8049024512256127,1.0
0.8059029514757377,1.0
0.8069034517258629,1.0
0.8079039519759879,0.0
0.8089044522261128,1.0
0.8099049524762381,1.0
0.810905452726363,1.0
0.811905952976488,1.0
0.8129064532266133,1.0
0.8139069534767382,1.0
0.8149074537268632,1.0
0.8159079539769885,1.0
0.8169084542271134,1.0
0.8179089544772384,1.0
0.8189094547273637,1.0
0.8199099549774886,1.0
0.8209104552276136,1.0
0.8219109554777388,1.0
0.8229114557278638,1.0
0.8239119559779888,1.0
0.8249124562281138,1.0
0.825912956478239,1.0
0.826913456728364,1.0
0.827913956978489,1.0
0.8289144572286142,1.0
0.8299149574787392,1.0
0.8309154577288642,1.0
0.8319159579789894,0.0
0.8329164582291144,1.0
0.8339169584792394,1.0
0.8349174587293646,1.0
0.8359179589794896,1.0
0.8369184592296146,0.0
0.8379189594797398,1.0
0.8389194597298648,1.0
0.8399199599799898,1.0
0.840920460230115,1.0
0.84192096048024,1.0
0.842921460730365,1.0
0.8439219609804902,1.0
0.8449224612306152,1.0
0.8459229614807402,1.0
0.8469234617308652,1.0
0.8479239619809904,1.0
0.8489244622311154,1.0
0.8499249624812404,1.0
0.8509254627313656,1.0
0.8519259629814906,1.0
0.8529264632316156,1.0
0.8539269634817408,1.0
0.8549274637318658,1.0
0.8559279639819908,1.0
0.856928464232116,1.0
0.857928964482241,1.0
0.858929464732366,1.0
0.8599299649824912,1.0
0.8609304652326162,1.0
0.8619309654827412,1.0
0.8629314657328664,1.0
0.8639319659829914,1.0
0.8649324662331164,1.0
0.8659329664832416,1.0
0.8669334667333666,1.0
0.8679339669834916,1.0
0.8689344672336168,1.0
0.8699349674837418,1.0
0.8709354677338668,1.0
0.8719359679839918,1.0
0.872936468234117,1.0
0.873936968484242,1.0
0.874937468734367,1.0
0.8759379689844922,1.0
0.8769384692346172,1.0
0.8779389694847421,1.0
0.8789394697348674,1.0
0.8799399699849924,1.0
0.8809404702351173,1.0
0.8819409704852426,1.0
0.8829414707353676,1.0
0.8839419709854925,1.0
0.8849424712356178,1.0
0.8859429714857427,1.0
0.8869434717358677,1.0
0.887943971985993,1.0
0.8889444722361179,1.0
0.8899449724862429,1.0
0.8909454727363681,1.0
0.8919459729864931,1.0
0.8929464732366181,1.0
0.8939469734867433,1.0
0.8949474737368683,1.0
0.8959479739869933,1.0
0.8969484742371183,1.0
0.8979489744872435,1.0
0.8989494747373685,1.0
0.8999499749874935,1.0
0.9009504752376187,1.0
0.9019509754877437,1.0
0.9029514757378687,1.0
0.9039519759879939,1.0
0.9049524762381189,1.0
0.9059529764882439,1.0
0.9069534767383691,1.0
0.9079539769884941,1.0
0.9089544772386191,1.0
0.9099549774887443,1.0
0.9109554777388693,1.0
0.9119559779889943,1.0
0.9129564782391195,1.0
0.9139569784892445,1.0
0.9149574787393695,1.0
0.9159579789894947,1.0
0.9169584792396197,1.0
0.9179589794897447,1.0
0.9189594797398697,1.0
0.9199599799899949,1.0
0.9209604802401199,1.0
0.9219609804902449,0.0
0.9229614807403701,1.0
0.9239619809904951,1.0
0.9249624812406201,1.0
0.9259629814907453,1.0
0.9269634817408703,1.0
0.9279639819909953,1.0
0.9289644822411205,1.0
0.9299649824912455,1.0
0.9309654827413705,1.0
0.9319659829914957,1.0
0.9329664832416207,1.0
0.9339669834917457,1.0
0.9349674837418709,1.0
0.9359679839919959,1.0
0.9369684842421209,1.0
0.9379689844922461,1.0
0.9389694847423711,1.0
0.9399699849924961,1.0
0.9409704852426213,1.0
0.9419709854927463,1.0
0.9429714857428713,1.0
0.9439719859929963,1.0
0.9449724862431215,1.0
0.9459729864932465,1.0
0.9469734867433715,1.0
0.9479739869934967,1.0
0.9489744872436217,1.0
0.9499749874937466,1.0
0.9509754877438719,1.0
0.9519759879939969,1.0
0.9529764882441218,1.0
0.9539769884942471,1.0
0.954977488744372,1.0
0.955977988994497,1.0
0.9569784892446223,1.0
0.9579789894947472,1.0
0.9589794897448722,1.0
0.9599799899949975,1.0
0.9609804902451224,1.0
0.9619809904952474,1.0
0.9629814907453726,1.0
0.9639819909954976,1.0
0.9649824912456226,1.0
0.9659829914957476,1.0
0.9669834917458728,1.0
0.9679839919959978,1.0
0.9689844922461228,1.0
0.969984992496248,1.0
0.970985492746373,1.0
0.971985992996498,1.0
0.9729864932466232,1.0
0.9739869934967482,1.0
0.9749874937468732,1.0
0.9759879939969984,1.0
0.9769884942471234,1.0
0.9779889944972484,1.0
0.9789894947473736,1.0
0.9799899949974986,1.0
0.9809904952476236,1.0
0.9819909954977488,1.0
0.9829914957478738,1.0
0.9839919959979988,1.0
0.984992496248124,1.0
0.985992996498249,1.0
0.986993496748374,1.0
0.9879939969984992,1.0
0.9889944972486242,0.0
0.9899949974987492,1.0
0.9909954977488742,1.0
0.9919959979989994,1.0
0.9929964982491244,1.0
0.9939969984992494,1.0
0.9949974987493746,1.0
0.9959979989994996,0.0
0.9969984992496246,1.0
0.9979989994997498,1.0
0.9989994997498748,1.0
1.0,1.0
